{"accuracy": [0.6175548434257507, 0.66144198179245, 0.7147335410118103, 0.702194333076477, 0.777429461479187, 0.7366771101951599, 0.8307210206985474, 0.815047025680542], "loss": [1.0032776594161987, 0.8295513987541199, 0.8077481389045715, 0.690617024898529, 0.6352679133415222, 0.5598291754722595, 0.5030938386917114, 0.4731384217739105], "val_accuracy": [0.9666666388511658, 0.9444444179534912, 0.9777777791023254, 0.9555555582046509, 0.9888888597488403, 0.9555555582046509, 0.9333333373069763, 0.9222221970558167], "val_loss": [0.13962925970554352, 0.1260393261909485, 0.12020894140005112, 0.16430458426475525, 0.0962771326303482, 0.13033433258533478, 0.22861576080322266, 0.19075816869735718]}